<?xml version="1.0" encoding="UTF-8"?>
<includes>
  <include name="Custom3Widgets">
    <include content="WidgetListPoster">
      <param name="content_path" value="plugin://plugin.video.pov/?name=Series+Trending&amp;iconImage=tv.png&amp;mode=build_tvshow_list&amp;action=trakt_tvanime_trending"/>
      <param name="widget_header" value="Series Trending"/>
      <param name="widget_target" value="videos"/>
      <param name="list_id" value="25011"/>
    </include>
    <include content="WidgetListPoster">
      <param name="content_path" value="plugin://plugin.video.pov/?name=Series+Most+Watched&amp;iconImage=tv.png&amp;mode=build_tvshow_list&amp;action=trakt_tvanime_most_watched"/>
      <param name="widget_header" value="Series Most Watched"/>
      <param name="widget_target" value="videos"/>
      <param name="list_id" value="25012"/>
    </include>
  </include>
</includes>