<?xml version="1.0" encoding="UTF-8"?>
<includes>
  <include name="MoviesMainMenu">
    <item>
      <label>Movies</label>
      <onclick>ActivateWindow(Videos,plugin://plugin.video.pov/?mode=search_history&amp;action=movie&amp;name=Movies&amp;iconImage=special%3A%2F%2Fhome%2Faddons%2Fplugin.video.pov%2Fresources%2Fskins%2FDefault%2Fmedia%2Fsearch_movie.png,return)</onclick>
      <property name="menu_id">$NUMBER[19000]</property>
      <property name="id">movies</property>
      <visible>!Skin.HasSetting(HomeMenuNoMovieButton)</visible>
    </item>
  </include>
</includes>