<?xml version="1.0" encoding="UTF-8"?>
<includes>
  <include name="TVShowsMainMenu">
    <item>
      <label>TV Shows</label>
      <onclick>ActivateWindow(Videos,plugin://plugin.video.pov/?mode=search_history&amp;action=tvshow&amp;name=TV+Shows&amp;iconImage=special%3A%2F%2Fhome%2Faddons%2Fplugin.video.pov%2Fresources%2Fskins%2FDefault%2Fmedia%2Fsearch_tv.png,return)</onclick>
      <property name="menu_id">$NUMBER[22000]</property>
      <property name="id">tvshows</property>
      <visible>!Skin.HasSetting(HomeMenuNoTVShowButton)</visible>
    </item>
  </include>
</includes>