<?xml version="1.0" encoding="UTF-8"?>
<includes>
  <include name="Custom2Widgets">
    <include content="WidgetListPoster">
      <param name="content_path" value="plugin://plugin.video.watchnixtoons2/?action=actionRecentlyWatchedMenu&amp;path=recently_watched"/>
      <param name="widget_header" value="Recently Watched"/>
      <param name="widget_target" value="videos"/>
      <param name="list_id" value="24011"/>
    </include>
    <include content="WidgetListPoster">
      <param name="content_path" value="plugin://plugin.video.watchnixtoons2/?action=actionCatalogMenu&amp;path=latest"/>
      <param name="widget_header" value="Latest releases"/>
      <param name="widget_target" value="videos"/>
      <param name="list_id" value="24012"/>
    </include>
    <include content="WidgetListPoster">
      <param name="content_path" value="plugin://plugin.video.watchnixtoons2/?action=actionLatestMoviesMenu&amp;path=%2Fanime%2Fmovies"/>
      <param name="widget_header" value="Latest Movies"/>
      <param name="widget_target" value="videos"/>
      <param name="list_id" value="24013"/>
    </include>
  </include>
</includes>