<?xml version="1.0" encoding="UTF-8"?>
<includes>
  <include name="Custom1Widgets">
    <include content="WidgetListPoster">
      <param name="content_path" value="plugin://plugin.video.pov/?mode=build_tvshow_list&amp;action=trakt_recommendations&amp;name=TV+Shows&amp;iconImage=special%3A%2F%2Fhome%2Faddons%2Fplugin.video.pov%2Fresources%2Fskins%2FDefault%2Fmedia%2Ftrakt.png"/>
      <param name="widget_header" value="Recommended TV Shows"/>
      <param name="widget_target" value="videos"/>
      <param name="list_id" value="23011"/>
    </include>
    <include content="WidgetListPoster">
      <param name="content_path" value="plugin://plugin.video.pov/?mode=build_movie_list&amp;action=trakt_recommendations&amp;name=Movies&amp;iconImage=special%3A%2F%2Fhome%2Faddons%2Fplugin.video.pov%2Fresources%2Fskins%2FDefault%2Fmedia%2Ftrakt.png"/>
      <param name="widget_header" value="Recommended Movies"/>
      <param name="widget_target" value="videos"/>
      <param name="list_id" value="23012"/>
    </include>
  </include>
</includes>