<?xml version="1.0" encoding="UTF-8"?>
<includes>
  <include name="Custom1MainMenu">
    <item>
      <label>Calendar</label>
      <onclick>ActivateWindow(Videos,plugin://plugin.video.pov/?mode=build_my_calendar&amp;name=Trakt+Calendar&amp;iconImage=special%3A%2F%2Fhome%2Faddons%2Fplugin.video.pov%2Fresources%2Fskins%2FDefault%2Fmedia%2Ftrakt.png,return)</onclick>
      <property name="menu_id">$NUMBER[23000]</property>
      <property name="id">custom1</property>
      <visible>!Skin.HasSetting(HomeMenuNoCustom1Button)</visible>
    </item>
  </include>
</includes>