<?xml version="1.0" encoding="UTF-8"?>
<includes>
  <include name="MovieWidgets">
    <include content="WidgetListPoster">
      <param name="content_path" value="plugin://plugin.video.pov/?mode=build_movie_list&amp;action=trakt_watchlist&amp;name=Movies&amp;iconImage=special%3A%2F%2Fhome%2Faddons%2Fplugin.video.pov%2Fresources%2Fskins%2FDefault%2Fmedia%2Ftrakt.png"/>
      <param name="widget_header" value="My Movies to watch"/>
      <param name="widget_target" value="videos"/>
      <param name="list_id" value="19011"/>
    </include>
    <include content="WidgetListPoster">
      <param name="content_path" value="plugin://plugin.video.pov/?mode=build_trakt_list&amp;user=grakie80&amp;slug=christmas&amp;list_id=30190215&amp;list_type=user_lists&amp;name=Christmas"/>
      <param name="widget_header" value="Christmas Movies"/>
      <param name="widget_target" value="videos"/>
      <param name="list_id" value="19012"/>
    </include>
    <include content="WidgetListPoster">
      <param name="content_path" value="plugin://plugin.video.pov/?mode=build_mdb_list&amp;user=garycrawfordgc&amp;slug=netflix-movies&amp;list_id=3093&amp;name=Netflix+Movies"/>
      <param name="widget_header" value="Netflix Movies"/>
      <param name="widget_target" value="videos"/>
      <param name="list_id" value="19013"/>
    </include>
    <include content="WidgetListPoster">
      <param name="content_path" value="plugin://plugin.video.pov/?mode=build_mdb_list&amp;user=garycrawfordgc&amp;slug=amazon-prime-movies&amp;list_id=3094&amp;name=Amazon+Prime+Movies"/>
      <param name="widget_header" value="Amazon Prime Movies"/>
      <param name="widget_target" value="videos"/>
      <param name="list_id" value="19014"/>
    </include>
    <include content="WidgetListPoster">
      <param name="content_path" value="plugin://plugin.video.pov/?mode=build_mdb_list&amp;user=garycrawfordgc&amp;slug=hulu-movies&amp;list_id=3096&amp;name=Hulu+Movies"/>
      <param name="widget_header" value="Hulu Movies"/>
      <param name="widget_target" value="videos"/>
      <param name="list_id" value="19015"/>
    </include>
    <include content="WidgetListPoster">
      <param name="content_path" value="plugin://plugin.video.pov/?mode=build_mdb_list&amp;user=garycrawfordgc&amp;slug=disney-movies&amp;list_id=3095&amp;name=Disney%2B+Movies"/>
      <param name="widget_header" value="Disney+ Movies"/>
      <param name="widget_target" value="videos"/>
      <param name="list_id" value="19016"/>
    </include>
    <include content="WidgetListPoster">
      <param name="content_path" value="plugin://plugin.video.pov/?mode=build_trakt_list&amp;user=streetpig&amp;slug=stephen-king&amp;list_id=32803840&amp;list_type=user_lists&amp;name=Stephen+King"/>
      <param name="widget_header" value="Stephen King Collection"/>
      <param name="widget_target" value="videos"/>
      <param name="list_id" value="19017"/>
    </include>
  </include>
</includes>