<?xml version="1.0" encoding="UTF-8"?>
<includes>
  <include name="TVShowWidgets">
    <include content="WidgetListPoster">
      <param name="content_path" value="plugin://plugin.video.pov/?mode=build_tvshow_list&amp;action=trakt_watchlist&amp;name=TV+Shows&amp;iconImage=special%3A%2F%2Fhome%2Faddons%2Fplugin.video.pov%2Fresources%2Fskins%2FDefault%2Fmedia%2Ftrakt.png"/>
      <param name="widget_header" value="My Shows to watch"/>
      <param name="widget_target" value="videos"/>
      <param name="list_id" value="22011"/>
    </include>
    <include content="WidgetListPoster">
      <param name="content_path" value="plugin://plugin.video.pov/?mode=build_trakt_list&amp;user=garycrawfordgc&amp;slug=netflix-shows&amp;list_id=20764471&amp;list_type=user_lists&amp;name=Netflix+Shows"/>
      <param name="widget_header" value="Netflix Shows"/>
      <param name="widget_target" value="videos"/>
      <param name="list_id" value="22012"/>
    </include>
    <include content="WidgetListPoster">
      <param name="content_path" value="plugin://plugin.video.pov/?mode=build_trakt_list&amp;user=garycrawfordgc&amp;slug=amazon-prime-shows&amp;list_id=20764575&amp;list_type=user_lists&amp;name=Amazon+Prime+Shows"/>
      <param name="widget_header" value="Amazon Prime Shows"/>
      <param name="widget_target" value="videos"/>
      <param name="list_id" value="22013"/>
    </include>
    <include content="WidgetListPoster">
      <param name="content_path" value="plugin://plugin.video.pov/?mode=build_trakt_list&amp;user=garycrawfordgc&amp;slug=hbo-shows&amp;list_id=20764504&amp;list_type=user_lists&amp;name=HBO+Shows"/>
      <param name="widget_header" value="HBO Shows"/>
      <param name="widget_target" value="videos"/>
      <param name="list_id" value="22014"/>
    </include>
    <include content="WidgetListPoster">
      <param name="content_path" value="plugin://plugin.video.pov/?mode=build_trakt_list&amp;user=garycrawfordgc&amp;slug=hulu-shows&amp;list_id=20764580&amp;list_type=user_lists&amp;name=Hulu+Shows"/>
      <param name="widget_header" value="Hulu Shows"/>
      <param name="widget_target" value="videos"/>
      <param name="list_id" value="22015"/>
    </include>
    <include content="WidgetListPoster">
      <param name="content_path" value="plugin://plugin.video.pov/?mode=build_trakt_list&amp;user=garycrawfordgc&amp;slug=disney-shows&amp;list_id=20764592&amp;list_type=user_lists&amp;name=Disney%2B+Shows"/>
      <param name="widget_header" value="Disney+ Shows"/>
      <param name="widget_target" value="videos"/>
      <param name="list_id" value="22016"/>
    </include>
    <include content="WidgetListPoster">
      <param name="content_path" value="plugin://plugin.video.pov/?mode=build_trakt_list&amp;user=garycrawfordgc&amp;slug=uk-shows&amp;list_id=20764675&amp;list_type=user_lists&amp;name=UK+Shows"/>
      <param name="widget_header" value="UK Shows"/>
      <param name="widget_target" value="videos"/>
      <param name="list_id" value="22017"/>
    </include>
  </include>
</includes>